<?xml version="1.0" encoding="Windows-1252" ?>
<XML_DIZ_INFO>
<MASTER_PAD_VERSION_INFO>
    <MASTER_PAD_VERSION>1.10</MASTER_PAD_VERSION>
    <MASTER_PAD_INFO>Portable Application Description, or PAD for short, is a data set that is used by shareware authors to disseminate information to anyone interested in their software products. To find out more go to http://www.asp-shareware.org/pad</MASTER_PAD_INFO>
</MASTER_PAD_VERSION_INFO>
<Company_Info>
        <Company_Name>SmartLine Inc.</Company_Name>
        <Address_1>B. Semenovskaya 40, #904</Address_1>
        <Address_2 />
        <City_Town>Moscow</City_Town>
        <State_Province />
        <Zip_Postal_Code>105023</Zip_Postal_Code>
        <Country>RUSSIA</Country>
        <Company_WebSite_URL>http://www.ntutility.com</Company_WebSite_URL>
<Contact_Info>
        <Author_First_Name>Ashot</Author_First_Name>
        <Author_Last_Name>Oganesyan</Author_Last_Name>
        <Author_Email>ashot@protect-me.com</Author_Email>
        <Contact_First_Name>Ashot</Contact_First_Name>
        <Contact_Last_Name>Oganesyan</Contact_Last_Name>
        <Contact_Email>ashot@protect-me.com</Contact_Email>
    </Contact_Info>
<Support_Info>
        <Sales_Email>sales@protect-me.com</Sales_Email>
        <Support_Email>support@protect-me.com</Support_Email>
        <General_Email>info@protect-me.com</General_Email>
        <Sales_Phone />
        <Support_Phone />
        <General_Phone />
        <Fax_Phone>+1 401 679-7959</Fax_Phone>
    </Support_Info>
</Company_Info>
<Program_Info>
        <Program_Name>Active Server Watcher</Program_Name>
        <Program_Version>1.0</Program_Version>
        <Program_Release_Month>10</Program_Release_Month>
        <Program_Release_Day>30</Program_Release_Day>
        <Program_Release_Year>2000</Program_Release_Year>
        <Program_Cost_Dollars />
        <Program_Cost_Other />
        <Program_Type>Freeware</Program_Type>
        <Program_Release_Status>Major Update</Program_Release_Status>
        <Program_Install_Support>Install and Uninstall</Program_Install_Support>
        <Program_OS_Support>Win95,Win98,WinME,WinNT 4.x,Windows2000</Program_OS_Support>
        <Program_Language>English</Program_Language>
        <Program_Change_Info />
        <Program_System_Requirements>Windows 95, 8Mb RAM, 500Kb HDD</Program_System_Requirements>
        <Program_Specific_Category>Internet</Program_Specific_Category>
        <Program_Categories>Networking,Monitoring Utilities</Program_Categories>
<File_Info>
        <Filename_Versioned>asw10.zip</Filename_Versioned>
        <Filename_Previous />
        <Filename_Generic>asw.zip</Filename_Generic>
        <Filename_Long>asw.zip</Filename_Long>
        <File_Size_Bytes>481935</File_Size_Bytes>
        <File_Size_K>471</File_Size_K>
        <File_Size_MB>0.47</File_Size_MB>
    </File_Info>
<Expire_Info>
        <Has_Expire_Info>N</Has_Expire_Info>
        <Expire_Count />
        <Expire_Based_On>Days</Expire_Based_On>
        <Expire_Other_Info />
        <Expire_Month />
        <Expire_Day />
        <Expire_Year />
    </Expire_Info>
        <Includes_JAVA_VM>N</Includes_JAVA_VM>
        <Includes_VB_Runtime>N</Includes_VB_Runtime>
        <Includes_DirectX>N</Includes_DirectX>
</Program_Info>
<Program_Descriptions>
<English>
        <Keywords>server,monitoring,netwok monitor,server monitor,links checker</Keywords>
        <Char_Desc_45>Periodically checks given Internet resources</Char_Desc_45>
        <Char_Desc_80>Periodically checks Internet resources and notifies when they become unavailable</Char_Desc_80>
        <Char_Desc_250>Active Server Watcher (ASW) - easy to use tool that periodically checks given Internet resources and notifies you when they become unavailable. ASW can monitor Web pages and scripts (CGI, ASP, PHP, etc.).</Char_Desc_250>
        <Char_Desc_450>Active Server Watcher (ASW) - easy to use tool that periodically checks given Internet resources and notifies you when they become unavailable. ASW can monitor Web pages and scripts (CGI, ASP, PHP, etc.). You are able to define a list of resources you wish to monitor. If a resource from this list becomes unavailable, ASW executes a special action (display message, write log file, execute external file, etc.).</Char_Desc_450>
        <Char_Desc_2000>Active Server Watcher (ASW) - easy to use tool that periodically checks given Internet resources and notifies you when they become unavailable. ASW can monitor Web pages and scripts (CGI, ASP, PHP, etc.). You are able to define a list of resources you wish to monitor. If a resource from this list becomes unavailable, ASW executes a special action (display message, write log file, execute external file, etc.). Also, for each resource you can define the periodicity of checking and number of retries. ASW detects when your computer goes offline and stops checking for resources to prevent you from the misoperation.</Char_Desc_2000>
</English>
</Program_Descriptions>
<Web_Info>
<Application_URLs>
        <Application_Info_URL>http://www.ntutility.com</Application_Info_URL>
        <Application_Order_URL />
        <Application_Screenshot_URL>http://www.ntutility.com/img/asw.gif</Application_Screenshot_URL>
        <Application_Icon_URL>http://www.ntutility.com/img/asw_icon.gif</Application_Icon_URL>
        <Application_XML_File_URL>http://www.ntutility.com/asw.xml</Application_XML_File_URL>
    </Application_URLs>
<Download_URLs>
        <Primary_Download_URL>http://www.ntutility.com/asw.zip</Primary_Download_URL>
        <Secondary_Download_URL />
        <Additional_Download_URL_1 />
        <Additional_Download_URL_2 />
    </Download_URLs>
</Web_Info>
<Permissions>
        <Distribution_Permissions>You may include the evaluation copy of ActiveServer Watcher on any CD compilation.
You may not sell the ActiveServer Watcher.</Distribution_Permissions>
        <EULA>ActiveServer Watcher is FREEWARE.

This license agreement is a legal agreement between you (either an individual or a single entity) and and the author of this software package.

By installing or otherwise using this software you agree to be bound by this agreement.

If you do not agree to the terms of this Agreement, you may not install or use this software.

You may install and use an unlimited number of copies of this software on your computers.

The author will not make available Technical Support for this Software. The author may, from time to time, revise or update the Software. In so doing, the author incurs no obligation to furnish such revision or updates to you.

THIS SOFTWARE IS DISTRIBUTED &quot;AS IS&quot;.  NO WARRANTY OF ANY KIND IS EXPRESSED OR IMPLIED. YOU USE RTM AT YOUR OWN RISK. THE AUTHOR WILL NOT BE LIABLE FOR DATA LOSS, DAMAGES, LOSS OF PROFITS OR ANY OTHER KIND OF LOSS WHILE USING OR MISUSING THIS SOFTWARE.</EULA>
</Permissions>
<MSN>
    <MSN_FORM>Y</MSN_FORM>
    <MSN_IS_32bit>Y</MSN_IS_32bit>
</MSN>
<ZDNET>
    <ZDNET_FORM>Y</ZDNET_FORM>
    <ZDNET_Product_ID_Code />
</ZDNET>
<Download.lv>
    <downloadlv_program_category>Internet - Networking</downloadlv_program_category>
</Download.lv>
<ASP>
    <ASP_FORM>Y</ASP_FORM>
    <ASP_Member>Y</ASP_Member>
    <ASP_Member_Number>03636</ASP_Member_Number>
</ASP>
</XML_DIZ_INFO>
